Name of aggregator,Link to projects
difc-residences.ae,https://difc-residences.ae/projects/jumeirah-residences-emirates-towers
sobha-central.ae,https://sobha-central.ae/projects/the-tranquil-sobha-central-szr-dubai
dubaimaritime-city.ae,https://dubaimaritime-city.ae/projects/anwa-aria
rashid-yachts-marina.ae,https://rashid-yachts-marina.ae/project/sera-rym-city-walk
city-walk-property.ae,https://www.city-walk-property.ae/project/city-walk-crestlane
dubaislands.ae,https://dubaislands.ae/projects/agua-residences
dubai-creek-living.ae,https://www.dubai-creek-living.ae/project/albero  
dubaihills-property.ae,https://www.dubaihills-property.ae/project/hillsedge
urbanvillas-dubaisouth.ae,https://www.urbanvillas-dubaisouth.ae/project/hayat-townhomes-dubai-south-properties
saudi-estates.com,https://www.saudi-estates.com/project/neptune
ras-al-khaimah-properties.ae,https://www.ras-al-khaimah-properties.ae/project/mirasol-2-north-harbour-ras-al-khaimah
urban-luxury.penthouse.ae,https://urban-luxury.penthouse.ae/project/eden-house-dubai-hills
investinomanproperty.com,https://www.saudi-estates.com/project/neptune
tilalalghaf-maf.ae,https://www.tilalalghaf-maf.ae/project/elan
luxury-villas-dubai.ae,https://www.luxury-villas-dubai.ae/ru/project/morocco
sobha-hartland-2.ae,https://sobha-hartland-2.ae/project/skyvue-stellar
dubai-harbour-property.ae,www.dubai-harbour-property.ae/project/south-beach
the-valley-villas.ae,https://www.the-valley-villas.ae/project/elva
luxury-collection.ae Sobha/Damac ,www.luxury-collection.ae/project/sky-edition
sharjah-residences.ae,https://sharjah-residences.ae/project/gem-residences
bloom-living.ae,https://bloom-living.ae/project/bloom-living-granada
luxury-villas-dubai.ae,https://www.luxury-villas-dubai.ae/project/grand-polo-club-and-resort
https://capital.luxury/,https://capital.luxury/projects/jacob-co-beachfront-living-by-ohana
